id,name,model_id:id,group_id:id,perm_read,perm_write,perm_create,perm_unlink
access_parroquia_lugar_user,parroquia.lugar user,model_parroquia_lugar,group_parroquia_user,1,0,0,0
access_parroquia_lugar_manager,parroquia.lugar manager,model_parroquia_lugar,group_parroquia_manager,1,1,1,1
access_parroquia_celebracion_user,parroquia.celebracion user,model_parroquia_celebracion,group_parroquia_user,1,1,1,0
access_parroquia_celebracion_manager,parroquia.celebracion manager,model_parroquia_celebracion,group_parroquia_manager,1,1,1,1
access_parroquia_intencion_user,parroquia.intencion user,model_parroquia_intencion,group_parroquia_user,1,1,1,0
access_parroquia_intencion_manager,parroquia.intencion manager,model_parroquia_intencion,group_parroquia_manager,1,1,1,1
access_parroquia_hoja_wizard_user,parroquia.hoja.wizard user,model_parroquia_hoja_wizard,group_parroquia_user,1,1,1,1
access_parroquia_partida_user,parroquia.partida user,model_parroquia_partida,group_parroquia_user,1,1,1,0
access_parroquia_partida_manager,parroquia.partida manager,model_parroquia_partida,group_parroquia_manager,1,1,1,1
